name,pos_tag
sherry,NN
dende,VBD
eggs,NNS
fleur,VBP
nuts,NNS
tex,NN
albacore,IN
unhulled,VBN
maca,NN
sauce,NN
submarine,NN
curlyleaf,NN
gelato,NN
beaten,VBN
iron,NN
plain,NN
tropical,JJ
fillets,NNS
peanuts,NNS
spinach,VBP
oil,NN
cavenders,NNS
process,NN
mitsuba,NN
cuminseed,VBD
drained,VBN
chops,NNS
katsuo,RB
spring,VBG
riesling,VBG
alaskan,NN
broth,NN
cranberry,NN
arhar,NN
brussels,NNS
jujube,VBP
sponge,NN
grenadine,NN
paprika,NN
bonito,NN
pepe,NN
bisquick,NN
tomatillo,NN
leche,NN
balance,NN
truffles,NNS
silver,RB
blends,VBZ
brewed,VBN
morel,NN
farro,NN
crabmeat,NN
kewpie,NN
canela,NN
thickcut,NN
of,IN
mango,NN
lumpia,NN
eggnog,NN
ouzo,NN
santo,IN
jagermeister,NN
ruby,NN
ampalaya,NN
carnation,NN
florets,NNS
land,VBP
poppyseeds,NNS
undiluted,VBN
coconut,NN
firmly,RB
mole,JJ
mahimahi,NN
sockeye,NN
segments,NNS
star,NN
bear,NN
snaps,NNS
puree,VBP
amaretto,IN
suckling,VBG
paccheri,NN
pumpkin,NN
cake,NN
gnocchi,NN
chocolatehazelnut,NN
neem,NN
cantal,NN
sausag,NN
spike,NN
soybased,VBD
wheat,NN
carbonated,VBN
viande,NN
collard,NN
artificial,NN
keema,NN
queso,RB
syrup,VB
louisiana,NNS
pam,NN
well,RB
ovenready,RB
liquid,JJ
sprite,NN
softshell,NN
anisette,NN
glutenfree,NN
in,IN
promise,NN
orange,NN
du,NN
torn,NN
jonshonville,NN
monterey,NN
glacs,NNS
corkscrew,VBD
crocker,NN
pain,NN
creme,NN
uncook,NN
french,NN
home,NN
tomatoes,VBZ
piripiri,NN
spaghetti,NN
scrod,NN
hawaiian,NN
wonton,NN
oysters,NNS
robiola,VBP
whip,NN
chicory,NN
pomelo,NN
havarti,NN
zucchini,NN
seamless,NN
tuna,NN
piquillo,NN
shell,NN
biscuit,NN
pea,NN
flakes,VBZ
flaked,VBN
budweiser,NN
tiger,NN
chachere,RB
classico,RB
burrito,IN
thyme,NN
negro,NN
fresh,NN
hierba,NN
blackstrap,NN
aai,NN
turbot,NN
seltzer,NN
poundcake,NN
chioggia,NN
essence,NN
armagnac,NN
sesame,NN
chickenapple,NN
popcorn,NN
turkey,NN
saffron,NN
tapatio,NN
fern,NN
glass,NN
drink,NN
shirataki,NN
sauc,NN
pla,NN
chocho,NN
hothouse,NN
citrus,VBZ
posole,JJ
turmeric,JJ
devil,NN
it,PRP
sugars,VBZ
portuguese,JJ
cakes,NNS
mayonnaise,VBP
turnip,NN
jameson,NN
oats,NNS
unsalted,VBD
boysenberries,NNS
sec,NN
allspice,NN
filets,NNS
pies,NNS
warm,VBP
psyllium,NN
pinto,IN
vindaloo,NN
peanut,NN
flavored,VBD
yum,NN
flowers,NNS
dinner,NN
noir,NN
udon,NN
dip,NN
harusame,NN
olie,NN
cranberries,NNS
sweetbreads,NNS
tostitos,NNS
eating,VBG
conger,JJR
manis,NNS
european,JJ
grit,NN
chuck,NN
selfrising,VBG
carne,NN
packed,VBD
reduced,VBN
iceberg,NN
mantou,NN
fatback,NN
anasazi,NN
dates,VBZ
khoa,NN
leav,NN
oyster,NN
harissa,NN
with,IN
cham,NN
bacon,NN
flax,NN
frankfurters,NNS
concentrate,VBP
cardamom,NN
kisses,NNS
greater,JJR
chardonnay,NN
lo,NN
manchego,NN
tendons,NNS
cavatelli,VBP
seasoning,VBG
cinnamon,NN
avocados,NNS
swede,VBP
blackberries,NNS
sangiovese,VBP
imperial,JJ
chive,JJ
pandanus,NN
ricotta,NN
chickens,NNS
cubed,VBD
wolf,PRP
williams,NNS
leek,VBP
cockles,NNS
harvest,JJS
cloves,NNS
sorbet,VBP
sub,NN
pasilla,NN
cheddar,NN
shellfish,NN
stick,NN
ears,NNS
boudin,VBP
sweetener,NN
watercress,NN
jamaican,NN
falafel,NN
spices,NNS
countrystyle,NN
pinenuts,NNS
creamed,VBD
ton,NN
clementines,NNS
chow,VBP
goma,NN
velvet,NN
espresso,NN
manouri,NN
yogurt,NN
jelli,NN
kumquats,NNS
tempeh,VBP
apples,NNS
fritos,NNS
tortilla,VBP
deli,NN
tart,NN
sheet,NN
hamburger,NN
dark,NN
cummin,NN
mandarin,NN
hong,IN
taco,NN
spiral,JJ
bows,NNS
pappardelle,VBP
plantains,NNS
bought,VBD
semolina,NNS
strozzapreti,VBP
oigatsuo,NN
fluff,NN
giblet,NN
membrillo,NN
lap,NN
pitted,VBD
mint,NN
potsticker,NN
proactiv,NN
gourd,NN
marzano,NN
matsutake,NN
any,DT
unsweetened,VBN
rapeseed,NN
reggiano,RB
portobello,RB
dill,RB
smithfield,VBN
mince,NN
flatbread,NN
manzanilla,NN
roughy,NN
reducedfat,NN
lavender,NN
heath,NN
pareve,NN
unsulphured,VBD
grigio,NN
the,DT
seven,CD
storebought,NN
taste,NN
steak,NN
light,NN
picnic,NN
fondant,NN
garam,NN
grilled,VBD
petit,NN
calorie,NN
abbamele,NN
haddock,NN
huckleberries,NNS
ulek,VBP
dumpling,VBG
raspberries,NNS
prunes,NNS
mignon,VBP
pecorino,RB
beverage,NN
v,NN
edam,NN
pappadams,NNS
puffed,VBD
chinese,JJ
cotija,NN
italianstyle,NN
wholesome,NN
emmenthal,NN
lasagne,NN
blend,NN
stellette,NN
ortega,NN
cayenne,NN
oguraan,NN
currants,NNS
broccoli,VBP
thick,NN
reblochon,NN
cress,NN
blueberri,NN
hoop,NN
verbena,NN
dal,NN
taleggio,NN
foods,NNS
arugula,VBP
au,NN
balm,NN
devein,NN
borage,NN
shallots,NNS
pigeon,VBP
pot,NN
linguini,NN
slice,NN
knudsen,NN
soursop,NN
extra,NN
shoepeg,NN
rosemari,NN
caraway,NN
better,NN
menthe,NN
jalapenos,NNS
lesser,NN
lobster,NN
leafy,NN
mustard,NN
kasha,NN
filling,VBG
raspberri,NN
tropic,JJ
noodle,NN
muffins,NNS
arctic,JJ
quickcooking,NN
madagascar,NN
wish,NN
laurel,NN
soften,NN
karashi,NN
mochiko,NN
nakano,NN
kiwifruit,NN
tarama,NN
asadero,NN
cachaca,NN
barley,NN
cooking,VBG
asiago,RB
sloe,JJ
chee,NN
gram,NN
treviso,RB
amber,NN
spearmint,NN
jerk,NN
cilantro,NN
piecrust,NN
idaho,NN
sausage,NN
sweetened,VBD
pimenton,NN
spray,NN
brew,VBD
prosecco,NN
liqueur,NN
anjou,NN
pastina,NN
cornhusks,NNS
chang,VBP
somen,NNS
garden,VBN
reduc,NN
toasted,VBN
recipe,NN
day,NN
chips,NNS
skirt,NN
genmai,NN
curd,NN
kohlrabi,NN
shiro,NN
provence,NN
cannoli,NN
thread,NN
braising,VBG
cracker,NN
kombu,NN
blanched,VBD
vine,NN
champagne,NN
sel,NN
southern,NN
dangmyun,NN
fatfree,NN
alcohol,NN
grappa,NN
coke,NN
tomato,NN
flower,NN
samphire,NN
vineyard,NN
daikon,NN
pod,NN
redfish,NN
runny,NN
bellpepper,NN
hatcho,NN
bartlett,NN
natto,NN
sashimi,NN
lea,NN
tikka,NN
laksa,NN
shortcrust,NN
decorating,VBG
hellmanns,NNS
tap,NN
farina,NN
bean,NN
ketchup,NN
shells,NNS
burgundy,VBP
granulated,VBN
cabbage,NN
persimmons,NNS
perch,VBP
low,JJ
flora,NN
rapid,JJ
cheeks,NNS
kochujang,VBP
skim,PRP
tatsoi,VBP
olive,JJ
squirt,NN
taro,NN
codfish,NN
frostings,NNS
szechwan,VBP
macarons,NNS
fettuccine,NN
boy,NN
korean,NN
yeast,NN
peppered,VBD
crescent,NN
lemon,NN
ice,NN
clover,NN
minicubes,NNS
proscuitto,IN
milkfish,JJ
mincemeat,NN
seville,NN
calvados,NNS
beansprouts,NNS
tender,VBP
cardoons,NNS
lobsters,NNS
pitas,VBP
flat,JJ
taiwanese,NN
gnocchetti,NN
salata,NN
lima,NN
tradicional,JJ
brand,NN
leeks,NNS
pina,VBP
minicub,NN
red,VBN
tangerine,NN
elbow,NN
shortbread,NN
tandoori,NN
crusts,NNS
gingerroot,VBD
sauerkraut,NN
kirschenliqueur,NN
peeled,VBD
crimini,NN
stout,IN
guava,NN
pieces,NNS
rise,VBP
links,NNS
chees,NNS
chilegarlic,JJ
chenpi,NN
crackers,NNS
fungus,VBZ
mccormick,NN
bermuda,NN
penn,NN
pecans,NNS
patis,VBZ
american,JJ
ranch,NN
ca,MD
amaretti,VB
reducedsodium,NN
romain,NN
masa,NN
gray,NN
chianti,NN
crystallized,VBD
guacamol,NN
furikake,NN
dipping,VBG
scallopini,NN
marcona,NN
liquor,NN
creamy,NN
crayfish,NN
ragu,NN
persimmon,NN
softened,VBD
kikkoman,NN
madeleine,NN
pesto,NN
flounder,NN
bing,VBG
pace,NN
muscat,NN
usukuchi,NN
piccolini,NN
bresaola,NN
branzino,NN
all,DT
culinary,JJ
water,NN
island,NN
fat,NN
chuno,NN
velveeta,NN
prune,NN
cuts,NNS
betty,RB
fedelini,VBP
chilcostle,JJ
cube,NN
roasting,VBG
steelcut,NN
classic,JJ
haloumi,NN
splenda,NN
size,NN
oysterflavor,NN
cut,VBD
celery,NN
cross,NN
texas,NNS
kasuri,VBP
applewood,NN
balsamico,NN
nut,NN
mostarda,NN
persian,NN
cornmeal,NN
navy,NN
rocket,NN
pretzels,NNS
grilling,VBG
crab,NN
rooster,NN
marinade,NN
konbu,NN
chocolate,NN
flowerets,NNS
noodles,NNS
sunflower,JJR
elderflower,NN
double,JJ
made,NN
peas,NNS
processed,VBD
wrappers,NNS
southwest,VBP
fuyu,NN
truffle,NN
lan,NN
m,NN
gherkin,NN
extract,NN
rice,NN
tartlet,NN
sheepshead,NN
ground,NN
pepperoncini,NN
active,JJ
friselle,NN
softboiled,VBD
mascarpone,NN
eggroll,NN
prawn,NN
chestnuts,NNS
granary,JJ
chapati,NN
chili,NN
eel,NN
bragg,NN
rising,VBG
teff,NN
foster,NN
nutmeg,NN
arrow,NN
purple,NN
rum,NN
acini,NN
rhubarb,NN
dessert,NN
hillshire,NN
seafood,NN
camellia,NN
pilaf,NN
bonein,NN
sauces,NNS
klondike,VBP
cracked,VBN
legs,NNS
custard,IN
pork,NN
skins,NNS
lean,VBP
alexia,NN
cultured,VBN
dri,NN
bibb,NN
peaches,NNS
martha,VBP
rosa,NN
winter,NN
bulk,NN
acai,NN
hyssop,NN
starter,NN
cane,NN
cajuncreole,NN
topping,VBG
mooli,NN
legumes,NNS
banana,NNS
superior,JJ
prik,NN
spears,NNS
tomatillos,NNS
burro,VBP
gruyre,NN
vidalia,NN
beech,NN
monkfish,NN
valencia,NN
cooki,NN
meat,NN
tagliatelle,NN
colorado,NN
ravva,NN
santa,NN
parsnips,NNS
pudding,VBG
grouper,NN
scallion,NN
tawny,NN
snails,NNS
aka,VBP
bertolli,NN
panang,NN
distilled,VBD
pheasant,JJ
buttercup,NN
snow,NN
filled,VBD
believe,NN
bamboo,NN
creami,NN
daniels,NNS
crispy,VBP
tenderizer,NN
turtle,NN
coarse,NN
radicchio,NN
sucralose,NN
spareribs,NNS
mex,NN
pepitas,NNS
kongstyle,NN
ficelle,NN
makers,NNS
black,VBP
orchid,JJ
bell,NN
cole,NN
compote,NN
whisky,NN
hip,NN
parmesan,NN
ladys,NNS
bags,NNS
groats,NNS
jicama,VBP
fresca,NN
mayonaise,NN
flanken,NN
sucanat,NN
bengal,NN
grissini,NN
bay,NN
tasso,NN
stewed,VBD
marjoram,NN
fowl,NN
seca,NN
soppressata,NN
ancho,NN
soybean,NN
field,NN
teardrop,NN
bagel,NN
pumpkinseeds,NNS
porcini,VBP
bitter,JJ
dickel,NN
almondmilk,NN
salmon,NN
parmagiano,NN
wishbone,NN
wildflower,NN
escarole,NN
hops,NNS
pimento,IN
pecan,JJ
pepperidge,NN
oatmeal,NN
patties,NNS
claws,VBZ
sultana,NNS
cauliflowerets,NNS
grating,VBG
shiso,RB
quick,JJ
bitters,NNS
rotelle,VBP
breyers,NNS
muenster,RBR
kaiser,NN
strawberry,NN
purpose,NN
pectin,NN
tortellini,NN
butternut,NN
poha,NN
mexicorn,NN
sugarcane,NN
fresno,NN
sweet,NN
maldon,NN
violets,NNS
kerrygold,VBD
mrs,NNS
mung,IN
nopales,NNS
beefsteak,VBP
fryers,NNS
gyoza,VBP
chateaubriand,NN
pisco,NN
solid,VBD
spaghettini,NN
kamaboko,NN
slim,NN
vie,NN
fullfat,NN
not,RB
pimentos,VBZ
peasant,JJ
grapes,NNS
wheels,NNS
nectarines,NNS
yams,NNS
fresco,VBP
heirloom,NN
muscovado,NN
pound,NN
horseradish,NN
chai,NN
bottoms,NNS
blueberry,VBP
raisin,NN
oldfashioned,VBN
hollandaise,NN
sago,RB
baton,NN
shanghai,NN
dandelion,NN
fudge,NN
strong,JJ
sauvignon,NN
grass,NN
starch,NN
cannelloni,NN
sparkling,VBG
trout,IN
schnapps,NNS
kidney,NN
atta,NN
rings,NNS
kasu,VBP
pie,NN
giardiniera,NN
four,CD
vietnamese,JJ
negi,NN
oat,NN
fil,NN
medium,NN
swerve,NN
do,VBP
biryani,NN
up,IN
aloe,NN
age,NN
grana,NN
arak,NN
demi,NN
paratha,NN
chorizo,NN
softwheat,NN
accompaniment,NN
galangal,NN
doubleacting,VBG
spanish,JJ
sandwiches,NNS
non,VBP
marin,NN
added,VBD
bawang,NN
aspic,NN
petits,NNS
kefalotiri,VBP
hoagie,NN
fino,NN
shoga,NN
jaggery,NN
top,NN
longgrain,NN
pale,NN
specials,NNS
granules,NNS
papalo,VBP
monde,NN
carcass,NN
mace,NN
purpos,NNS
carnaroli,VBP
soup,NN
asparagus,NNS
stolichnaya,VBP
marnier,JJR
blood,NN
broil,NN
goreng,NN
shucked,VBD
paella,NN
lentils,NNS
capicola,VBP
shoyu,NN
fideos,NNS
brown,IN
margarine,NN
shortening,VBG
meal,NN
fashioned,VBD
mirin,NN
kaffir,NN
littleneck,NN
crumbles,NNS
lemonade,VBP
shin,JJ
ear,NN
johnsonville,NN
cashew,NN
chaat,NN
coars,NNS
seaweed,VBD
heeng,JJ
anchovy,NN
filet,NN
big,JJ
sooji,NN
sesameginger,NN
lox,NN
scape,NN
biscotti,NN
snip,NN
slab,NN
pineapples,NNS
cointreau,VBP
pickapeppa,NN
squeezed,VBN
escargot,NN
roll,NN
tenderloins,VBZ
calamansi,NN
spread,NN
clear,NN
jalape,NN
chourico,NN
gala,NN
idli,NN
granny,NN
ammonium,NN
frying,VBG
vegeta,NN
morcilla,NN
ascorbic,NN
part,NN
loose,NN
wedge,NN
fingerling,VBG
organic,JJ
yakinori,NN
campanelle,NN
whole,NN
brioche,NN
ditalini,NN
green,NN
powdered,VBD
aged,VBN
cajeta,NN
eggland,NN
bits,NNS
hot,VBD
grated,VBN
quatre,NN
slaw,NN
pack,NN
semi,NN
cumberland,NN
hazelnut,NN
drumsticks,NNS
broiler,JJR
orzo,NN
arborio,NN
capellini,NN
thighs,NNS
fiesta,VBP
condensed,VBN
lop,NN
biscuits,NNS
maui,VBP
rigatoni,NN
greek,NN
real,NN
crawfish,NN
file,NN
manicotti,NN
coco,NN
northern,NN
nests,NNS
porter,NN
mary,NN
ginger,NN
enriched,VBD
jelly,RB
pummelo,RB
good,JJ
raclette,NN
cappuccino,NN
ocean,NN
melba,NN
limoncello,NN
redhot,NN
virgin,NN
madeira,NN
peapods,NNS
limeade,VBP
tuaca,NN
primavera,NN
tupelo,NN
grate,NN
uncooked,VBD
yellow,JJ
sun,NN
beef,NN
saigon,NN
short,NN
gran,NN
marinara,NN
chilli,NN
one,CD
myzithra,NN
mondavi,NN
seedless,NN
ale,NN
melted,VBD
chipotles,NNS
marmite,IN
doritos,NNS
rotisserie,VBP
nappa,NN
curaao,NN
brise,NN
kangkong,IN
flake,NN
veri,NN
ritz,NN
guanciale,NN
halloumi,NN
assam,NN
toffee,NN
deviled,VBD
hass,NN
shungiku,NN
madras,NNS
convert,VBP
turnips,NNS
fines,NNS
n,VBP
argo,RB
caciocavallo,RB
parma,VB
emerils,NNS
disco,IN
diamond,NN
range,NN
sugar,NN
sardines,NNS
arbol,NN
portabello,NN
papad,NN
pansies,NNS
estancia,VBP
licorice,NN
new,JJ
sole,NN
poi,NN
mutton,NN
crepes,NNS
masala,VBP
canola,NN
fenugreek,NN
pointed,VBD
burger,NN
lecithin,NN
ceylon,NN
wakame,NN
mountain,NN
ranchstyle,NN
fivespice,NN
accent,NN
honey,NN
farofa,NN
canned,VBD
weed,VBN
season,NN
waxy,NN
torpedo,NN
wasabe,NN
passover,NN
fajita,NN
crme,NN
yolk,NN
or,CC
barilla,NN
skinless,NN
straight,NN
valley,NN
artichok,NN
pickle,NN
parmigianareggiano,NN
blossom,NN
bone,NN
margherita,NN
tritip,NN
urad,NN
parmigianoreggiano,NN
sorghum,NN
saltpeter,NN
edible,JJ
halves,NNS
miracle,NN
garbanzo,NN
banger,NN
miswa,NN
pots,NNS
salsa,VBP
table,JJ
dr,NN
kroger,NN
blossoms,NNS
shishito,IN
pink,NN
natural,JJ
romana,NN
wings,NNS
dairy,NN
partskim,NN
tentacles,NNS
kha,VBP
padano,RB
rockfish,JJ
wood,NN
waffle,NN
toppings,NNS
jiffy,VBP
mayonnais,NNS
into,IN
chervil,NN
sheeps,NNS
golden,VBP
bosc,NN
blackeyed,VBN
ramps,NNS
lipton,IN
rainbow,NN
gember,NN
salami,NN
uni,NN
mizuna,NN
shank,NN
whiskey,NN
kewra,NN
heinz,NN
dish,NN
castellane,NN
fattrimmed,VBD
bushi,NN
cornichons,NNS
pernod,VBD
curing,VBG
maltose,NN
braeburn,NN
tartar,NN
vera,NN
curry,NN
arrabbiata,NN
bream,NN
rabe,NN
wolfberries,NNS
chia,VBP
mahi,NN
artichokes,NNS
shaoxing,VBG
store,NN
crumpet,NN
diet,NN
buffalo,NN
drippings,NNS
peperoncino,VBP
greekstyl,NN
bens,NNS
chunks,NNS
caster,VBP
chitterlings,NNS
to,TO
pumpernickel,VB
pekoe,NN
bars,NNS
shuck,VBP
ciabatta,NN
shahi,NN
orecchiette,NN
chillies,NNS
cuttlefish,VBP
unflavored,VBN
paste,NN
gouda,NN
progresso,NN
grey,NN
smoke,NN
iced,VBD
dean,JJ
veget,NN
merguez,NN
fruit,NN
wedges,NNS
veggies,NNS
italian,JJ
porterhouse,NN
sichuan,NN
relish,NN
coriander,NN
marble,JJ
nestle,NN
family,NN
cornbread,NN
textured,VBD
shiromiso,RB
noodl,JJ
bee,NN
food,NN
true,NN
sucrolose,NN
bittersweet,NN
dole,NN
grand,NN
racks,NNS
licor,NN
tony,NN
croissant,NN
boursin,NN
olives,NNS
rutabaga,VBP
amaranth,JJ
steaks,NNS
montreal,VBP
paddles,NNS
pita,NNS
tvp,VBP
paddy,JJ
streaky,NN
jif,IN
dhal,JJ
chard,NN
cucumbers,NNS
and,CC
salad,VB
nutella,NN
praline,NN
dough,IN
mousse,NN
rabbit,NN
vegetables,NNS
drum,NN
arrowroot,NN
yam,NN
tubetti,NN
hijiki,NN
steamed,VBD
aleppo,NN
curds,NNS
turbinado,VBP
canton,NN
giant,NN
burdock,NN
coarsegrain,NN
soi,NN
imo,NN
rigate,NN
lettuc,NN
ganache,NN
coloring,VBG
branca,NN
gebhardt,NN
dutchprocessed,VBD
broilerfryer,NN
sharp,NN
cuisine,NN
smooth,NN
pate,NN
russet,NN
moroccan,NN
sushi,NN
tequila,NN
muffin,NN
berries,NNS
cherries,NNS
shred,VBD
crock,NN
callaloo,NN
royal,NN
vadouvan,NN
napa,NN
sichuanese,NN
moulard,NN
achiote,NN
pressed,VBD
bones,NNS
perrins,NNS
amontillado,VBP
zaatar,NN
langoustines,NNS
meatfilled,VBD
prawns,NNS
shoulder,NN
perciatelli,NN
kung,NN
honeysuckle,NN
shortcakes,VBZ
cottage,NN
cornflakes,VBZ
pure,NN
unagi,NN
val,NN
side,NN
sour,NN
blackpepper,NN
pullman,NN
mozarella,NN
substitute,NN
spot,NN
preserves,NNS
nt,VBP
chocolatecovered,VBN
angostura,NN
islands,NNS
balsamic,JJ
onion,NN
karo,NN
farm,NN
baked,VBD
pickled,VBN
molasses,NNS
tom,VBP
sticks,NNS
haricot,RB
pois,VBZ
maitake,NN
puy,NN
crystal,NN
kalamata,NN
ras,NNS
house,VBP
lychees,NNS
clams,NNS
whitefish,VBP
oliv,NN
dogs,NNS
fries,NNS
hoisin,VBP
lacinato,IN
robert,NN
fully,RB
bok,NN
nam,NN
string,VBG
wing,NN
third,JJ
ajinomoto,NN
puffs,NNS
pine,VBP
muscavado,NN
fatfre,NN
sundried,VBD
nocalorie,NN
zinfandel,NN
knoflook,NN
nuoc,NN
pollock,NN
fromage,NN
flavoring,VBG
pte,NN
fruits,NNS
pear,VBP
pulp,NN
asafoetida,NN
fermented,VBD
kingfish,JJ
pandan,NN
ravioli,NN
ic,NN
believ,NN
curly,RB
qua,NN
lb,NN
frangelico,NN
calabash,NN
oranges,NNS
shapes,NNS
port,VBP
nonpareils,NNS
parts,NNS
pices,NNS
polenta,VBP
catalina,NN
kahla,NN
pumpkinseed,VBD
asian,JJ
savory,NN
mediumgrain,NN
farmer,NN
camembert,NN
kiwi,NN
matcha,NN
kabuli,NN
vital,NN
machine,NN
leftover,NN
bouillon,NN
barberries,NNS
candy,VBP
chutney,NN
precooked,VBN
calf,NN
spam,NN
piment,NN
sato,NN
remoulade,NN
magret,NN
muesli,NN
polish,NN
holland,NN
snappers,NNS
pockets,NNS
fingers,NNS
crabapples,NNS
cabrales,NNS
herbsaint,VBP
skimmed,VBN
oxtails,NNS
hanger,JJR
foie,NN
capers,NNS
steamer,NN
rind,NN
croissants,NNS
conimex,NN
chihuahua,NN
muscadet,NN
plum,NN
harina,NN
sweeten,NN
fleshed,VBD
glutinous,JJ
peperoncini,NN
quinoa,NN
soybeans,NNS
calabrese,VBP
chiffonade,NN
rock,NN
america,NN
poured,VBD
la,NN
figs,NNS
pearl,VBP
rioja,NN
bengali,NN
cold,VBD
char,NN
mochi,NN
kokum,NN
kosher,NN
palm,NN
cassava,NN
kernels,NNS
tzatziki,VBP
mulato,IN
boquerones,NNS
skinned,VBN
vermicelli,NN
soda,NN
bai,NN
pt,NN
provolone,NN
braggs,NNS
sweeteners,NNS
microgreens,NNS
tonic,JJ
bihon,NN
neapolitan,NN
poppy,NN
anaheim,NN
extravirgin,NN
blueberries,NNS
everglades,VBZ
george,NN
clementine,NN
worcestershire,NN
philadelphia,NN
blanc,NN
fine,NN
lowmoisture,NN
flageolet,NN
bun,NN
amba,NN
burgers,NNS
hocks,NNS
chicharron,VBP
kashmiri,NN
apple,NN
stewing,VBG
heart,NN
unsmoked,VBD
angled,VBN
tostadas,NNS
mayer,NN
squash,NN
dukkah,NN
starchy,NN
pepperocini,NN
dijon,NN
i,PRP
thin,VBP
arame,JJ
glazed,JJ
duxelles,NNS
dry,JJ
honeydew,NN
gras,NNS
prepar,NN
hurst,NN
veggie,NN
instant,NN
bloody,NN
adzuki,NN
lemongrass,NN
sardi,NN
serrano,NN
pinot,RB
candlenuts,VBZ
marshmallows,NNS
beetroot,NN
maifun,NN
konnyaku,NN
egg,NN
bottom,NN
cannellini,NN
original,JJ
ghee,NN
gremolata,NN
morsels,NNS
cups,NNS
tongue,VBP
szechuan,JJ
quince,NN
butterflavored,VBD
russian,JJ
vay,NN
pistachios,NNS
bbq,VBP
gravenstein,NN
bob,NN
toulouse,NN
rotel,NN
brittle,NN
oreo,NN
linguisa,NN
nettle,NN
luncheon,NN
woods,NNS
merluza,VBP
moonshine,NN
onions,NNS
sambal,JJ
lakes,NNS
high,JJ
kinchay,NN
orang,NN
stock,NN
crumbs,NNS
comfort,NN
peppercorns,NNS
lettuces,NNS
cook,VBP
scallops,NNS
tabasco,IN
pistachio,NN
boneless,NN
cascabel,NN
browns,NNS
kefir,VBP
mesquite,JJ
mineral,JJ
herbes,NNS
tuscan,MD
ounc,VB
varnish,JJ
earth,NN
halibut,NN
nielsenmassey,NN
caul,NN
tree,NN
kraft,NN
capsicum,NN
kefalotyri,NN
franks,NNS
creations,NNS
spicy,NN
mission,NN
porridge,NN
seasoned,VBD
colby,NN
katakuriko,NN
scrubbed,VBD
abalone,NN
blanco,NN
petals,NNS
nioise,VBP
grind,JJ
calamari,NN
chickpea,NN
ripe,NN
fish,NN
free,JJ
gomashio,NN
mini,NN
jackfruit,NN
readymade,NN
rubbed,VBD
walnut,NN
teriyaki,NN
slices,NNS
marrow,VBP
linguine,NN
chimichurri,NN
evans,NNS
menta,VBP
root,NN
ornamental,NN
frozen,VBN
vitamin,NN
casa,NN
sprouts,NNS
petrale,VBP
yoplait,NN
crouton,NN
angel,NN
buttercream,NN
crabs,NNS
cholula,VBP
lowfat,JJ
piloncillo,NN
beer,NN
malted,VBD
calimyrna,NN
cutlets,NNS
passion,NN
linguica,NN
beans,NNS
iodized,VBD
maraschino,RB
capon,IN
frache,PRP
wholemilk,VBP
pilsner,NN
chambord,NN
germ,NN
zero,NN
great,NN
cornstarch,NN
himalayan,NN
tamarind,NN
arepa,NN
duck,NN
liverwurst,NN
yolks,NNS
nugget,VBP
tip,NN
haas,NNS
frosting,VBG
cajun,NN
hachiya,NN
butt,NN
pineapple,NN
fastrising,VBG
bicarbonate,NN
verjus,NN
genoa,NN
greens,NNS
stoneground,VBP
covered,VBN
speck,NN
belacan,NN
gravlax,NN
poultry,NN
kelp,NN
unseasoned,VBD
komatsuna,NN
sunchokes,NNS
jam,VBP
wieners,NNS
guinea,NN
bran,NN
spreadable,JJ
on,IN
chua,NN
lower,JJR
soymilk,NN
panch,NN
luke,NN
cocoa,NN
bison,NN
stickers,NNS
ponzu,VBP
pinhead,JJ
chestnut,NN
amchur,NN
knorr,NN
than,IN
canning,VBG
vanilla,NN
mentaiko,NN
icing,VBG
glaze,NN
slider,NN
strained,VBD
oleo,NN
breader,NN
aminos,NNS
batter,NN
jimmy,NN
di,NN
kabocha,NN
dungeness,NN
english,NN
nacho,NN
grain,NN
kim,NN
delallo,NN
neufchtel,NN
lager,NN
lavash,NN
clotted,VBD
hardboiled,VBN
savoiardi,NN
smoked,VBD
wide,JJ
softshelled,VBN
seasons,NNS
melissa,VBP
plus,RB
mesclun,VBN
snapper,NN
needles,NNS
mezzetta,VBP
meyer,NN
cheese,NN
nuggets,NNS
buns,NNS
rib,VBP
bouquet,NN
macadamia,NN
mani,NN
gemelli,NN
meatballs,NNS
beluga,VBP
kimchi,NN
lambs,NNS
hake,VBP
dijonnaise,NN
quarters,NNS
tyson,NN
sherbet,NN
obrien,NN
chipped,VBD
eye,NN
domino,NN
raw,NN
krispies,NNS
sides,VBZ
strips,NNS
secrets,NNS
gruyere,VBP
cavolo,NN
strip,NN
drain,NN
pickling,VBG
highfructose,NN
asti,NN
cai,NN
pignolis,VBZ
rosewater,NN
loaves,NNS
dash,VBP
stone,NN
boiled,VBN
holy,RB
kahlua,NN
converted,VBN
oz,NN
butterscotch,NN
beurre,NN
chat,WDT
passata,NN
granola,NN
vinegar,NN
jumbo,NN
thai,NN
mcintosh,NN
comino,NN
pillsbury,NN
caramels,NNS
cactus,VBZ
tofu,NN
alfalfa,NN
biga,NN
wild,NN
rump,NN
teleme,NN
couscous,JJ
game,NN
lite,NN
york,NN
jambalaya,NN
curls,NNS
boil,NN
jowl,NN
de,IN
pico,NN
guinness,NN
marmalade,NN
tradit,NN
neck,NN
country,NN
daiya,NN
fontina,NN
whipped,VBD
maple,NN
sliced,VBN
rendered,VBN
allpurpose,NN
herdez,NN
yuca,NN
genoise,NN
melon,NN
boar,NN
lasagna,NN
loosely,RB
teas,VBZ
shark,NN
yukon,NN
risotto,NN
masoor,NN
pop,NN
agave,NN
basa,NN
fuji,NN
chiltepn,NN
chrysanthemum,NN
nectar,NN
boston,NN
diced,VBD
togarashi,NN
sargento,IN
strawberries,NNS
sea,VBP
vegetablefilled,VBN
sablefish,JJ
margarita,NN
cabernet,NN
pods,NNS
tripe,VBP
awase,NN
nopalitos,NNS
jose,VBP
jamon,JJ
heavy,JJ
nori,NN
mix,NN
bndictine,NN
feta,NN
stew,NN
creole,NN
halfandhalf,NN
goya,NN
rich,NN
cuervo,NN
pekin,NN
hash,NN
demiglace,NN
chartreuse,NN
india,NN
doubl,NN
bagels,NNS
lime,VBP
pippin,NN
endive,JJ
shredded,VBN
cumin,NN
tortelloni,NN
macaroni,NN
dog,NN
despelette,NN
ume,NN
brownie,NN
millet,NN
hens,NNS
points,NNS
mixers,NNS
nigari,VBP
fava,NN
basil,NN
meringue,NN
groundnut,NN
sicilian,NN
breadstick,NN
irish,NN
min,NN
crush,NN
rose,VBD
pearled,VBN
inch,NN
whipping,NN
marshmallow,NN
tokyo,NN
bulb,NN
tamale,NN
chayotes,VBZ
flowering,VBG
buds,NNS
cordial,JJ
bottled,VBN
radish,JJ
hakusai,NN
demerara,NN
honeyflavored,VBD
nutmegs,NNS
ziti,VBP
methi,NN
sports,NNS
nilla,NN
vegetarian,NN
clove,NN
self,NN
kecap,NN
paper,NN
skippy,NN
split,NN
hamachi,NN
recip,NN
chana,NN
garlic,JJ
applesauce,NN
pizza,NN
originals,NNS
hand,VBP
jalapeno,RB
medal,JJ
galanga,NN
sumac,NN
mojo,NN
chik,NN
buckwheat,NN
orgeat,NN
grassfed,VBD
schmaltz,NN
ready,RB
thickeners,NNS
shichimi,VBP
gaeta,NN
baby,NN
toast,NN
oregano,NN
aonori,NN
daal,NN
gherkins,VBZ
uncle,NN
success,NN
pocket,NN
preshred,VBD
sirloin,NN
merlot,NN
hatch,NN
minute,NN
tostada,NN
london,NN
old,NN
silken,VBN
poppadoms,NNS
dressing,VBG
satsumas,NNS
style,NN
heads,NNS
standing,VBG
tamari,NN
farms,NNS
casing,VBG
shanks,NNS
smith,IN
cuban,NN
drummettes,NNS
granular,JJ
caribbean,NN
finely,RB
knoblauch,JJ
grape,NN
o,NN
flavor,NN
cashews,NNS
lettuce,VBP
confectioners,NNS
cavatappi,VBP
marzipan,JJ
yakisoba,NN
ti,NN
hero,NN
spumante,NN
quail,NN
vin,NN
evaporated,VBD
milk,NN
chicken,VBN
shavings,NNS
hogue,VBP
conchiglie,NN
dusting,VBG
prosciutto,NN
cereal,NN
beet,NN
kitchen,RB
squabs,VBZ
venison,NN
tots,NNS
california,VBP
pancakes,NNS
wingettes,NNS
ajwain,VBP
fats,NNS
potato,IN
manioc,NN
beets,NNS
chunky,VBP
ramen,NNS
mellow,VBP
minced,VBN
fettucine,NN
cool,NN
mixture,NN
sauterne,NN
sundae,NN
campari,NN
truva,NN
browning,VBG
bread,NN
chives,NNS
tube,VBP
crispcooked,VBN
world,NN
empanada,NN
ribeye,NN
cheong,IN
rub,NN
chowchow,NN
focaccia,NN
cantaloupe,NN
raita,NN
sausages,NNS
ms,NNS
sriracha,VBP
mature,NN
boiling,VBG
tenders,NNS
asada,NN
kidnei,NN
oilcured,VBD
king,VBG
nero,NN
triscuits,NNS
alum,NN
unsweeten,RB
winesap,VB
raspberry,JJ
chile,NN
quorn,NN
goose,NN
drambuie,NN
kippered,VBD
breakstones,NNS
romaine,NN
farmhouse,NN
panko,NN
pattypan,NN
barramundi,NN
rins,VBZ
pistou,PRP
caps,RB
gochugaru,VBP
dhaniya,NN
tonkatsu,NN
tangzhong,IN
powder,NN
virginia,NN
extralean,NN
protein,NN
freshly,RB
fri,NN
mozzarella,NN
doubledark,NN
homemade,NN
japanese,NN
barbecued,VBD
sprig,NN
navel,NN
efu,NN
no,DT
mullet,NN
anchovies,NNS
long,RB
romanesco,RB
buttermilk,VBP
peppercorn,NN
unbaked,VBN
mackerel,NN
cream,NN
deveined,VBD
chilean,JJ
mark,NN
ginseng,NN
mirlitons,NNS
collards,NNS
hellmann,VBP
shiraz,NN
dulong,IN
fructose,NN
hungarian,NN
bhaji,NN
striped,VBD
yucca,NN
marrons,NNS
caponata,VBP
chiles,NNS
thigh,IN
prego,NN
panela,NN
dinosaur,NN
wafer,NN
fregola,NN
challa,NN
turkish,NN
cola,NN
shao,NN
semisoft,NN
almond,NN
daisy,NN
compressed,VBD
sake,NN
skin,NN
husks,NNS
tips,NNS
darjeeling,VBG
chinkiang,NN
s,NNS
oscar,NN
herb,NN
chop,NN
gel,NN
galliano,NN
crawford,NN
epazote,NN
perilla,NN
roma,NN
peach,NN
parslei,NN
roast,NN
medjool,NN
pancake,NN
cucuzza,NN
sage,NN
fishcake,NN
soaking,VBG
benne,NN
caviar,NN
mushrooms,NNS
puff,NN
kernel,NN
key,NN
anglaise,NN
cava,NN
raisins,VBZ
for,IN
ham,NN
challenge,NN
d,NN
crumbled,VBD
herbs,NNS
freerange,VBP
ngo,RB
peppers,NNS
mi,VBP
mazola,NN
foccacia,NN
jack,NN
white,NN
thawed,VBD
brats,NNS
shrimp,VB
sansho,NN
breast,NN
gluten,NN
maggi,NN
spelt,VBD
pastis,NNS
leaf,IN
veal,NN
forest,NN
grade,NN
threads,NNS
citric,JJ
lard,NN
swiss,NN
coldsmoked,VBD
digestive,JJ
peel,NN
pho,NN
breadcrumbs,NNS
turkei,VBP
almonds,NNS
shaved,VBN
acorn,NN
apricots,NNS
croutons,NNS
radishes,NNS
blackening,VBG
tenderloin,NN
xuxu,NN
pak,NN
lemonlime,NN
matzos,NNS
bianco,VBP
smart,NN
brinecured,VBN
chipotle,NN
yuzu,NN
tamales,NNS
robusto,IN
zest,JJS
regular,JJ
butterflied,JJ
aquavit,NN
tails,NNS
cassia,VBP
lentil,IN
erythritol,NN
piquin,NN
jarred,VBD
choy,NN
pomegranate,NN
breadfruit,NN
bourbon,NN
fried,VBD
baileys,NNS
crema,VBP
petite,JJ
cloud,NN
cherrystone,NN
nibs,NNS
lowsodium,NN
panettone,NN
topside,NN
trumpet,NN
cookie,NN
sobrasada,NN
bratwurst,NN
gin,NN
flank,NN
octopuses,NNS
alphabet,VBP
crusty,NN
blue,NN
enchilada,NN
german,NN
young,NN
okra,NN
dried,VBD
pozole,NN
popped,VBN
crust,NN
hanout,IN
picante,NN
lambic,JJ
yellowtail,NN
equal,JJ
bells,NNS
rouille,VBP
wheatberries,NNS
eggplant,VBP
rome,NN
clam,NN
stir,NN
dulce,NN
swanson,NN
germain,NN
gizzards,NNS
grease,VBP
hen,VBN
roquefort,NN
lady,NN
feet,NN
hoja,NN
barbecue,NN
caesar,NN
juniper,NN
wafers,NNS
sum,NN
bhindi,NN
meatloaf,NN
summer,NN
wensleydale,NN
slivered,VBD
adobo,NN
matzo,NN
round,NN
garni,NN
button,NN
masago,RB
cox,NN
medallions,NNS
creamer,NN
kamut,NN
hummus,VBZ
jambon,NN
guy,NN
peppadews,NNS
ricard,VBP
half,NN
caramel,NN
calcium,NN
seitan,NN
gari,NN
banh,NN
lambrusco,NN
doenzang,NN
papaya,NN
nutritional,JJ
pete,NN
artisan,NN
refried,VBD
watermelon,NN
abura,NN
kampyo,NN
pepper,NN
meats,NNS
prepared,VBN
mam,NN
ketjap,NN
leaves,VBZ
chanterelle,NN
chilies,NNS
sanding,VBG
bottle,NN
absinthe,DT
tops,NNS
belly,RB
miso,RB
crosswise,VB
paso,RB
poblano,RB
pancetta,VB
coffee,NN
treacle,NN
calamata,NN
redcurrant,NN
ginkgo,NN
ladyfingers,NNS
strawberri,VBP
mexico,NN
lily,RB
nonfat,JJ
agar,NN
gingersnap,NN
road,NN
tomate,NN
sheets,NNS
moisture,VBP
rusk,NN
tumeric,JJ
moong,NN
jarlsberg,NN
spice,NN
scotch,NN
squid,VBD
prime,JJ
pit,NN
morton,NN
filo,NN
wine,NN
lotus,NN
highgluten,NN
rape,NN
cheesi,NN
nian,NN
hickoryflavored,VBD
yuzukosho,NN
oriental,NN
sections,NNS
wondra,VBP
saltines,NNS
poolish,JJ
evapor,NN
knox,NN
anejo,NN
rolls,NNS
tobiko,VBP
kalonji,NN
gourmet,NN
shoots,NNS
btarde,VBP
block,NN
herbed,VBN
neutral,JJ
firm,NN
tangelos,NNS
gao,VBP
mostaccioli,NN
baking,VBG
pane,NN
finger,NN
wraps,NNS
snail,VBP
semisweet,JJ
honeycomb,NN
colouring,VBG
frisee,NN
base,NN
mexican,NN
yellowfin,NN
cornonthecob,NN
soba,NN
saltine,NN
umeboshi,NN
colman,NN
mortadella,NN
gum,NN
chevre,NN
padron,NN
pickles,NNS
butter,NN
garbonzo,NN
cocktail,NN
pat,NN
delicata,NN
razor,NN
whey,NN
kirsch,NN
fennel,NN
pangasius,VBZ
dress,NN
hazelnuts,NNS
sazon,VBP
bliss,NNS
chvre,VBP
moose,JJ
mae,NN
mo,NN
mian,NN
helix,NN
breasts,NNS
peppermint,VBP
dillweed,VBN
boned,VBN
roti,NN
bag,NN
breakstone,NN
date,NN
mushroom,NN
tipo,NN
crisps,NNS
hog,VBP
century,NN
artichoke,NN
cholesterol,NN
barolo,NN
flour,NN
korma,NN
carambola,NN
roots,NNS
garnish,VBP
touch,JJ
mezcal,JJ
chipotl,NN
frangipane,NN
stem,NN
superfine,NN
loin,NN
tubettini,NN
gooseberries,NNS
gobo,VBP
bass,NN
broccolini,NN
bucatini,NN
kidneys,NNS
scallions,NNS
chilled,VBD
jujubes,NNS
chuka,VBP
andouille,JJ
gallo,NN
malt,NN
azteca,NN
carpaccio,NN
crostini,NN
tricolor,NN
gochujang,NN
edamame,NN
lingcod,NN
reposado,NN
pao,NN
guacamole,NN
asafetida,NN
mild,NN
drumstick,NN
burgundi,NN
anise,NN
olek,NN
dips,NNS
small,JJ
milkfat,JJ
fisher,NN
premium,NN
fiddlehead,NN
godiva,NN
hots,NNS
bolillo,VBP
miniature,NN
sofrito,IN
potatoes,NNS
cod,VBP
habanero,NN
scones,NNS
sodium,NN
jello,NN
souchong,IN
grapeseed,NN
beau,NN
guanabana,NN
chapatti,NN
terrine,NN
pan,NN
ferns,NNS
piece,VBP
conch,NN
brie,NN
bird,NN
escalopes,NNS
besan,VBP
preserv,NN
livers,NNS
vinaigrette,VBP
chong,JJ
globe,NN
brandy,NN
gold,NN
flan,NN
cucumber,NN
brownies,NNS
caper,NN
bark,NN
varieti,NN
xanthan,IN
clamato,NN
refrigerated,VBN
gravy,NN
salt,NN
sambuca,NN
pasta,NN
tahini,NN
cooked,VBD
crisco,NN
mizkan,NN
moss,NN
garbanzos,NNS
cookies,NNS
won,VBD
ripened,VBN
rolled,VBN
corn,NN
pancit,NN
eggplants,NNS
loaf,VBP
toor,NN
victoria,NNS
trotters,NNS
san,VBP
mein,NN
unbleached,VBD
breadcrumb,NN
glace,NN
verjuice,NN
tarragon,NN
fillet,NN
fruitcake,NN
citron,NN
scrub,NN
cassis,NN
confit,NN
lillet,NN
bacardi,NN
haricots,NNS
riblets,NNS
eaudevie,VBP
brill,NN
buttermargarine,NN
beaujolais,VBZ
pike,NN
avocado,NN
nido,NN
head,NN
kirby,NN
sack,NN
castelvetrano,NN
corned,VBD
farfalline,NN
tagliarini,NN
azuki,NN
cremini,NN
manischewitz,NN
flaxseed,VBD
gem,NN
huitlacoche,NN
collect,NN
wok,NN
beni,NN
shimeji,NN
mussels,NNS
single,JJ
stonefire,NN
texmex,NN
branston,NN
rennet,NN
preserved,VBD
grill,NN
marsala,NN
serving,VBG
blackened,VBN
rustic,JJ
bulgur,NN
ackee,NN
nosaltadded,VBD
cortland,NN
burrata,NN
knuckle,NN
reduction,NN
leg,NN
shellon,NN
ceci,NN
rye,NN
durum,NN
seed,NN
jerusalem,NN
delicious,JJ
cutlet,NN
guajillo,NN
saki,NN
paneer,NN
roasted,VBD
phyllo,NN
lapsang,NN
sprigs,NNS
acid,VBD
riso,RB
belgian,JJ
hominy,NN
maida,NN
stilton,NN
hoagi,NN
savoy,NN
phoran,NN
wax,NN
jimmies,NNS
consomme,VBP
parboiled,VBN
deep,NN
catfish,NN
homestyl,NN
indian,NN
best,JJS
culantro,NN
bar,NN
pompano,NN
chopmeat,NN
cipollini,NN
stuffing,VBG
osetra,NN
dragees,NNS
kappa,VBP
eau,NN
wheel,NN
brine,NN
less,RBR
nama,NN
cara,NN
ros,NNS
graham,VBP
currant,JJ
fiber,NN
goji,NN
tea,NN
dew,NN
yoghurt,NN
dolce,NN
condiments,NNS
dasheen,IN
saba,NN
knockwurst,NN
broilerfryers,NNS
loofah,VBP
cider,NN
chickpeas,NNS
lump,VB
bonnet,JJ
multigrain,NN
hock,NN
color,NN
center,NN
siu,NN
kielbasa,NN
wholemeal,NN
kirschwasser,NN
candied,VBD
thousand,NN
comice,NN
penne,NN
goat,NN
mixed,VBD
hubbard,NN
simple,NN
blackberry,NN
graviera,NN
lardons,NNS
alfredo,VBP
roux,NN
fast,RB
aioli,NN
nondairy,NN
apricot,NN
elmlea,NN
ibarra,NN
verde,NN
pollen,NN
gelatin,NN
centercut,NN
vinaigrett,NN
ox,NN
yardlong,IN
liver,NN
habas,NNS
liquorice,NN
cornish,NN
ducklings,NNS
assorted,VBD
cognac,NN
blacan,NN
grained,VBD
suet,NN
celtic,JJ
bananas,NNS
rotini,VBP
basmati,NN
energy,NN
opo,NN
choi,NN
pepperoni,NN
quinces,NNS
chunk,VBP
calabaza,NN
nashi,NN
kippers,NNS
sticky,JJ
mentsuyu,NN
juice,NN
poire,NN
levain,NN
romano,NN
satsuma,NN
rosemary,NN
a,DT
pompeian,JJ
catsup,NN
vegetable,JJ
dragon,NN
club,NN
poussins,VBZ
bowtie,NN
doubanjiang,NN
carrots,NNS
swordfish,VBP
pastry,NN
secret,NN
traditional,JJ
layer,NN
carp,NN
fettuccini,NN
breakfast,NN
tuong,IN
cherry,NN
buttery,NN
lamb,NN
tri,NN
grapefruit,NN
cocacola,NN
fry,NN
rack,NN
bologna,NN
imitation,NN
ratatouille,NN
jeera,NN
vegan,NN
safflower,NN
hoi,NN
amberjack,NN
enokitake,NN
hidden,NN
whites,VBZ
tempura,NN
mashed,VBD
gumbo,NN
atlantic,JJ
doughs,NNS
massaman,NN
straw,NN
masur,NN
sorrel,NN
back,RB
jerky,JJ
vermouth,NN
jasmine,NN
kochu,NN
canes,NNS
mahlab,VBP
mora,NN
chickenflavored,VBN
other,JJ
fig,NN
tsuyu,NN
balls,NNS
prebaked,VBD
longaniza,NN
ploy,NN
tallow,NN
capocollo,NN
tuttorosso,NN
baobab,NN
tbone,NN
bocconcini,NN
fryer,NN
sturgeon,NN
pig,NN
colada,NN
beverages,NNS
longan,VBD
ikura,NN
blackcurrant,NN
picholine,NN
soya,NN
granita,NN
spare,NN
syd,NN
ribs,NNS
spiced,VBD
verts,NNS
soy,VBP
borlotti,NN
campbell,NN
nonhydrogenated,VBD
fume,NN
mexicana,NN
coleslaw,NN
clarified,VBD
rajma,NN
shiitake,NN
chip,NN
cacao,NN
rounds,NNS
zatarains,VBZ
baguette,NN
woksaus,NN
sourdough,IN
bigoli,NN
kale,NN
rashers,NNS
fusilli,VBP
thaw,NN
cheek,NN
tater,NN
wasabi,NN
pearls,NNS
crushed,VBD
greekstyle,NN
angus,NN
nonstick,NN
salsify,NN
yu,NN
cubes,NNS
kalamansi,VBP
piecrusts,NNS
hibiscus,NNS
nostick,VBP
raki,NN
ben,NNS
stuffed,VBD
vodka,NN
stevia,IN
hickory,NN
quahog,NN
niblets,NNS
jus,VBZ
five,CD
roe,NN
grits,NNS
brazil,VBP
fire,NN
muscovy,NN
muscadine,NN
dumplings,NNS
bock,VBP
gorgonzola,NN
casera,NN
freezedried,VBD
garland,NN
cornflour,PRP$
hemp,NN
hanh,NN
frogs,NNS
canadian,JJ
sangria,NN
raising,NN
panetini,NN
seeds,NNS
framboise,VBP
brisket,NN
amarena,NN
hearts,NNS
earl,VBP
zesty,NN
channa,NN
walnuts,NNS
parmigiano,VBP
casings,NNS
salted,VBN
st,NN
filipino,NN
cauliflower,NN
hard,RB
mie,VB
cones,NNS
con,IN
bayonne,NN
carrot,NN
crunch,NN
large,JJ
stems,NNS
shelled,VBD
plums,NNS
bechamel,NN
cured,VBD
shortgrain,NN
pierogi,NN
el,NN
full,JJ
cardamon,NN
cornflake,NN
hing,VBG
fronds,NNS
chopped,VBD
soft,JJ
nigella,NN
broad,NN
wesson,NN
undrain,NN
coulis,VBZ
tilapia,NN
asakusa,NN
triple,NN
deepfried,VBD
refined,VBN
dashi,NN
pears,NNS
sprinkles,NNS
bordelaise,VBP
spiny,JJ
carnitas,NNS
lentilles,NNS
twists,NNS
msg,VBP
ahi,NN
cotto,IN
naan,NN
toasts,NNS
tail,VBP
parsley,NN
tapenade,NN
annatto,NN
beaters,NNS
colaflavored,VBD
hair,NN
tortillas,NNS
crookneck,VBP
master,NN
unsalt,NN
sandwich,NN
glucose,NN
crumb,NN
herring,VBG
oloroso,RB
kasseri,NN
blade,NN
tapioca,NN
thinli,NN
gai,NN
skate,NN
pad,NN
jamaica,NN
hsing,VBG
wagon,NN
