name,count
pepper,27189
salt,24625
oil,23323
onion,19242
garlic,18941
ground,18256
fresh,17853
sauc,13232
sugar,12502
oliv,12284
chees,11776
chicken,11536
tomato,11205
black,10557
water,9790
red,9189
green,9089
egg,9039
flour,8851
powder,8846
butter,8624
chop,8238
dri,8227
clove,8177
white,7854
juic,7146
chili,7112
cream,6101
rice,6073
cilantro,5950
veget,5936
milk,5823
lemon,5784
leav,5580
larg,5396
ginger,5387
corn,5347
vinegar,4972
lime,4930
soy,4887
cumin,4644
allpurpos,4635
broth,4504
wine,4315
bell,4275
parsley,4150
seed,4038
bean,3994
cook,3861
sesam,3517
grate,3383
breast,3335
carrot,3232
kosher,3180
basil,3106
beef,3081
bake,3043
brown,3035
potato,2950
parmesan,2947
unsalt,2945
past,2924
chile,2917
oregano,2752
extravirgin,2747
boneless,2730
shred,2696
tortilla,2640
cinnamon,2612
season,2544
thyme,2474
pork,2465
mushroom,2422
shrimp,2367
yellow,2299
bread,2283
dice,2276
skinless,2241
vanilla,2225
sodium,2220
coconut,2218
coriand,2174
cayenn,2140
celeri,2136
minc,2101
bay,2095
leaf,2067
crush,2026
whole,2022
spray,2018
flake,1986
sour,1954
scallion,1952
,1932
paprika,1911
stock,1909
purpl,1898
starch,1896
hot,1890
slice,1889
orang,1858
cheddar,1852
fish,1828
mustard,1781
jalapeno,1771
extract,1762
peanut,1731
curri,1623
sausag,1609
frozen,1602
sweet,1584
low,1543
shallot,1500
sea,1500
light,1477
pea,1473
fat,1466
mozzarella,1426
noodl,1422
honey,1402
spinach,1389
italian,1377
heavi,1373
salsa,1347
mint,1328
roast,1311
avocado,1306
peel,1304
canola,1278
cabbag,1254
pasta,1239
lettuc,1213
bacon,1213
cucumb,1167
yogurt,1167
almond,1149
yolk,1131
flat,1124
fillet,1118
nutmeg,1091
whip,1083
dark,1082
masala,1070
soda,1056
freshli,1054
granul,1043
halv,1009
buttermilk,1008
crumb,999
plum,992
jack,972
turmer,965
rib,956
steak,940
zucchini,931
fine,931
garam,927
zest,893
toast,892
plain,880
mix,879
free,874
smoke,868
rosemari,864
chocol,859
thigh,830
appl,823
peppercorn,821
sprig,806
mayonais,781
babi,776
reduc,771
stick,769
tumer,763
yeast,758
cardamom,747
chines,743
half,729
thai,725
ricotta,723
coars,721
worcestershir,713
wedg,713
lowfat,713
raisin,705
of,693
ham,677
cider,669
fennel,658
taco,653
kernel,651
wheat,646
cherri,642
feta,635
meat,635
chive,631
sherri,630
turkey,627
tofu,626
ice,624
medium,619
syrup,618
shiitak,614
pecan,609
eggplant,607
balsam,607
lamb,593
monterey,592
warm,585
oyster,584
dijon,572
chip,569
condens,565
chipotl,561
root,555
allspic,555
lean,552
caper,552
less,549
unsweeten,547
serrano,547
cold,535
broccoli,519
mexican,511
cornmeal,510
boil,509
ketchup,504
and,503
mirin,503
pure,495
soup,494
saffron,487
greek,487
spring,487
crumbl,482
chickpea,475
dough,474
sage,472
sharp,472
beansprout,454
spaghetti,449
squash,445
leek,444
dill,444
sweeten,439
hoisin,433
dress,421
golden,420
in,413
shoulder,411
crack,409
roll,407
kalamata,406
shell,406
enchilada,401
pit,400
confection,396
anis,395
cajun,394
grain,394
cocoa,393
wrapper,389
meal,388
nonfat,380
activ,379
firm,379
partskim,378
pineappl,378
tenderloin,376
shorten,369
cake,369
reggiano,366
peach,364
lemongrass,364
can,360
nut,359
pastri,357
longgrain,356
pizza,356
parmigiano,356
creol,355
mango,349
cashew,349
pinenut,348
asparagu,348
basmati,346
sake,345
salad,344
style,342
lentil,340
baguett,338
grape,336
stew,336
clam,336
long,334
walnut,332
romain,332
okra,332
tomatillo,332
penn,327
extra,327
poblano,326
spice,326
anchovi,325
floret,324
radish,321
salmon,318
thread,317
french,316
adobo,314
banana,313
ghee,307
kidney,307
cauliflow,306
beer,304
grit,302
sriracha,298
pickl,298
lasagna,297
pod,295
refri,295
arborio,294
andouil,293
romano,287
artichok,286
prosciutto,285
leg,283
herb,283
cube,281
loin,281
instant,279
yoghurt,279
sirloin,278
melt,277
russet,275
whiskey,273
shaox,273
crab,273
fivespic,273
miso,270
chorizo,266
crust,264
chestnut,262
bouillon,261
gold,260
strawberri,260
flank,259
star,259
linguin,256
apricot,255
drain,253
evapor,252
semisweet,251
heart,251
goat,251
raspberri,247
blend,247
rum,246
ancho,245
asian,245
tarragon,245
napa,243
pie,240
pack,238
marinara,238
coffe,238
chuck,236
margarin,235
de,232
panko,229
english,228
roma,227
liqueur,226
bulb,225
yukon,225
arugula,224
choy,224
top,220
swiss,219
pecorino,219
pear,218
breadcrumb,217
pesto,215
tea,215
food,214
sundri,213
base,212
queso,212
rise,211
bok,209
tabasco,206
cannellini,206
couscou,206
tamarind,205
all,204
kale,204
pinto,203
bourbon,202
pimento,201
rind,200
self,199
scallop,199
blackey,196
purpos,196
prepar,194
veal,193
guacamol,193
soften,192
pumpkin,191
button,190
tuna,189
snow,189
collard,188
cottag,188
unbleach,187
refriger,182
mussel,181
skim,181
sliver,181
reducedfat,180
pancetta,180
tartar,180
brandi,179
old,178
puff,177
mayonnais,176
butternut,175
fresco,175
dal,173
sprout,172
vermicelli,172
small,170
round,169
wonton,169
iceberg,168
marjoram,168
fenugreek,168
provolon,167
lard,165
jasmin,165
bone,164
dashi,162
pita,162
homini,162
fettucin,159
spanish,157
with,157
polenta,157
palm,157
turnip,157
countri,156
tequila,156
currant,155
preserv,155
crme,155
barbecu,154
shoot,152
molass,152
garbanzo,152
bittersweet,151
quinoa,151
daikon,151
hazelnut,150
cracker,150
sheet,150
mascarpon,149
gelatin,149
caster,148
chilli,147
firmli,147
frach,146
mapl,146
chunki,146
nori,145
fatfre,144
verd,144
flavor,143
japanes,143
wing,143
cotija,143
date,143
duck,143
prawn,142
pistachio,142
gochujang,142
szechwan,142
lower,141
fruit,141
cremini,140
masa,139
kaffir,139
bamboo,138
pearl,138
beet,138
soft,136
fontina,136
horseradish,134
liquid,129
bun,129
curd,129
piec,128
catfish,128
macaroni,128
mung,126
phyllo,126
orzo,125
espresso,125
cranberri,125
belli,124
butt,124
concentr,123
creami,122
semolina,122
candi,122
chard,121
marsala,121
case,121
short,121
chee,121
liver,120
biscuit,120
paneer,120
mild,119
smith,119
gingerroot,119
vidalia,119
shank,119
berri,119
granni,119
crawfish,118
drumstick,118
kimchi,118
lump,117
color,117
porcini,114
sunflow,114
nectar,114
quickcook,114
chutney,113
watercress,112
jumbo,112
tamari,111
oat,111
fri,111
soba,110
cod,110
unflavor,110
tapioca,109
ranch,109
hock,109
cap,109
raw,108
angel,106
asafoetida,106
seedless,105
cutlet,104
hardboil,104
bowti,103
blanch,103
cornflour,103
drip,102
tilapia,102
organ,101
blackberri,101
harina,100
grass,100
gruyer,99
fig,99
hair,99
pepperoni,99
morsel,99
stuf,98
halibut,98
elbow,96
el,96
marinad,96
ripe,95
salami,95
jam,94
cut,94
s,94
cognac,94
wasabi,94
husk,94
bonito,92
sushi,92
blueberri,91
guajillo,91
link,90
tabl,90
sandwich,89
galang,88
crema,88
jicama,88
rub,88
amchur,87
steam,86
rigatoni,86
caraway,86
squid,86
asiago,85
sourdough,85
agav,84
stem,84
snapper,84
edamam,84
crabmeat,83
vodka,83
ear,83
prune,83
wild,82
alfredo,81
mace,81
piecrust,81
substitut,81
colbi,80
hamburg,80
blue,80
irish,80
gallo,79
pico,79
poppi,79
grapese,79
devein,79
new,79
graham,78
bass,78
tortellini,78
vinaigrett,78
slaw,76
dip,76
cooki,74
superfin,74
paper,74
ramen,73
habanero,73
lima,73
skirt,73
methi,72
gorgonzola,72
brisket,72
urad,71
spread,71
mini,70
cachaca,70
bag,70
picant,70
bonein,70
flower,69
port,69
harissa,69
lobster,68
mash,68
brew,68
parsnip,68
knorr,68
portabello,68
eye,68
rotini,67
uncook,67
skin,67
bottl,66
konbu,66
teriyaki,66
rotisseri,66
split,65
poultri,65
provenc,65
wafer,65
capsicum,65
tahini,65
rotel,65
marshmallow,64
udon,64
vermouth,64
crimini,64
mein,64
manchego,64
spear,64
fettuccin,63
yam,63
vietnames,63
california,63
hungarian,63
dumpl,63
or,63
truffl,63
littleneck,62
shortgrain,62
sambal,62
natur,62
radicchio,62
sprinkl,62
bird,61
parmigianoreggiano,61
gnocchi,61
gruyr,61
pud,61
scotch,60
malt,60
papaya,60
gravi,60
grapefruit,60
cane,60
escarol,60
pomegran,59
for,59
hellmann,59
file,59
gluten,59
relish,59
navel,58
gram,58
seawe,58
jerk,58
rock,58
beaten,58
boston,58
champagn,58
savoy,57
glutin,57
best,57
back,56
thickcut,56
center,56
filet,55
haricot,55
seafood,55
silken,55
homemad,55
whitefish,55
fusilli,54
vert,54
barley,53
kielbasa,53
cornbread,53
crusti,53
doubl,53
chunk,53
tart,52
paso,52
ulek,52
kasuri,51
asafetida,51
clarifi,51
anaheim,51
marin,51
vine,50
muffin,50
gari,50
great,50
arbol,50
mayonnai,50
nonstick,50
northern,50
turbinado,50
wholemilk,49
rocket,49
finger,49
ciabatta,49
endiv,49
spici,49
crescent,49
watermelon,48
store,48
crystal,48
cocktail,48
bought,48
rabe,48
marmalad,48
ladyfing,47
ovenreadi,47
jeera,47
enokitak,47
ravioli,46
essenc,46
bonnet,46
dust,45
process,45
chaat,45
kraft,45
real,45
regular,45
buckwheat,45
club,45
ra,44
selfris,44
jelli,44
hanout,44
crouton,44
jamaican,44
ton,43
won,43
marnier,43
epazot,43
orecchiett,43
hass,43
hothous,43
stir,42
simpl,42
fava,42
safflow,42
plantain,42
caramel,42
mandarin,42
deli,41
vegan,41
ragu,41
shellon,41
saltin,41
pasilla,41
thin,41
delici,40
meatbal,40
jaggeri,40
tostada,40
pink,39
ferment,39
frost,39
pine,39
breakfast,39
american,39
glass,39
gai,39
rang,39
thaw,39
tip,39
naan,39
sparerib,39
tender,39
brussel,39
shuck,39
belgian,38
glaze,38
rose,38
coleslaw,38
neutral,38
key,38
lan,38
ziti,38
fill,38
bitter,38
dog,37
hen,37
brinecur,37
bertolli,37
wood,37
korean,37
gyoza,37
heirloom,37
brie,37
kiwi,37
origin,37
dillwe,36
melon,36
nosaltad,36
madeira,36
amaretto,36
salata,36
soybean,36
oxtail,36
lowsodium,36
madra,36
strip,35
sec,35
tripl,35
frond,35
loaf,34
tangerin,34
arrowroot,34
ripen,34
ale,33
cornichon,33
gouda,33
trout,33
fajita,33
oz,33
velveeta,32
colour,32
summer,32
sticki,32
chayot,32
calamansi,32
chow,32
chervil,32
cereal,32
quarter,32
veggi,32
togarashi,31
waxi,31
burgundi,31
straw,31
loos,31
wide,31
tandoori,31
gochugaru,30
mahi,30
bulgur,30
amino,30
manicotti,30
grand,30
on,30
bbq,29
lo,29
glutenfre,29
genoa,29
msg,29
navi,29
blossom,29
philadelphia,29
lager,29
sauerkraut,29
not,29
nutrit,29
creme,28
ditalini,28
swordfish,28
tiger,28
rye,28
quick,28
guin,27
flatbread,27
splenda,27
medjool,27
cornish,27
stilton,27
asadero,27
shiso,27
shave,27
niois,27
pancak,27
bouquet,26
lumpia,26
haddock,26
kirbi,26
stout,26
demiglac,25
campbel,25
muscovado,25
brine,25
bibb,25
clear,25
applesauc,25
pappardel,25
nectarin,25
fleur,25
dinner,25
sel,25
cornflak,25
spaghettini,25
beefsteak,24
crock,24
i,24
persian,24
hard,24
cure,24
lemonad,24
meyer,24
ca,24
rabbit,24
kelp,24
mutton,24
full,24
garden,24
it,24
cantaloup,24
passata,24
bar,24
rin,24
believ,24
pound,24
nigella,24
nt,24
codfish,23
moong,23
squeez,23
buttermargarin,23
chana,23
rhubarb,23
curli,23
johnsonvil,23
tasso,23
blood,23
zesti,23
farro,23
achiot,23
bosc,23
weed,23
greas,23
bisquick,22
pig,22
broccolini,22
pace,22
piloncillo,22
rump,22
pernod,22
risotto,22
canadian,22
pulp,22
chinkiang,22
pepperoncini,22
yardlong,22
shoyu,22
mexicana,22
ponzu,22
pepita,22
portobello,22
hummu,22
tagliatel,22
age,22
non,21
junip,21
string,21
world,21
dutchprocess,21
maggi,21
mediumgrain,21
louisiana,21
solid,21
fingerl,21
limead,21
tawni,21
goreng,21
nopal,21
kahla,21
guancial,21
doubleact,21
bawang,21
oilcur,21
calvado,21
bulk,21
hoagi,20
york,20
bran,20
annatto,20
cointreau,20
mexicorn,20
nuoc,20
lasagn,20
gum,20
shahi,20
lavend,20
savori,20
distil,20
bit,20
xanthan,20
imit,20
five,20
stevia,20
virgin,19
sichuan,19
no,19
wakam,19
snail,19
mani,19
mission,19
unbak,19
buffalo,19
aai,19
rigat,19
pandanu,19
fryer,19
hash,19
garni,19
frise,19
mole,19
quail,18
size,18
acorn,18
field,18
swanson,18
bicarbon,18
amaretti,18
bartlett,18
lite,18
kidnei,18
chickenflavor,18
shichimi,18
chevr,18
sardin,18
turkish,18
suet,18
head,18
batter,18
crepe,18
king,18
neck,18
grill,17
calamari,17
soppressata,17
picholin,17
tempeh,17
kumquat,17
vegetarian,17
rutabaga,17
into,17
tongu,17
bocconcini,17
maida,17
mignon,17
oldfashion,17
ball,17
gin,17
fulli,17
kombu,17
kecap,17
silver,17
tzatziki,17
confit,17
honeydew,17
classico,17
convert,17
sultana,17
applewood,17
part,17
kirsch,17
rack,17
tapenad,16
rapid,16
strong,16
caviar,16
softboil,16
consomm,16
flounder,16
loav,16
char,16
spong,16
cardamon,16
sauvignon,16
hand,16
oatmeal,16
toor,16
toffe,16
brioch,16
grouper,16
germ,16
carbon,16
minicub,16
jackfruit,16
bucatini,16
prosecco,16
canela,16
fire,16
freerang,16
singl,16
ajwain,15
breadstick,15
chat,15
lili,15
quinc,15
wishbon,15
calimyrna,15
custard,15
farmer,15
gumbo,15
blanc,15
game,15
prebak,15
meringu,15
reducedsodium,15
idaho,15
tail,15
rubi,15
stoneground,15
satsuma,15
chanterel,15
pinot,14
ring,14
gemelli,14
tonkatsu,14
runni,14
pan,14
rapese,14
blanco,14
jello,14
soya,14
varnish,14
caesar,14
pillsburi,14
farm,14
min,14
gra,14
nam,14
popcorn,14
morel,14
roquefort,14
gherkin,14
broilerfry,14
flora,14
foie,14
fresno,14
armagnac,14
carnaroli,14
sole,14
valley,13
dorito,13
ad,13
sorrel,13
gala,13
sprite,13
spare,13
burger,13
giblet,13
gran,13
passion,13
side,13
recip,13
poha,13
equal,13
mackerel,13
angostura,13
taro,13
hidden,13
up,13
tentacl,13
sparkl,13
chilegarl,13
aleppo,13
tradit,13
feet,13
gingersnap,13
parmagiano,13
herdez,12
pumpkinse,12
thick,12
wrap,12
schnapp,12
lipton,12
manioc,12
croissant,12
lemonlim,12
capellini,12
winter,12
spike,12
matcha,12
bengal,12
cocacola,12
spelt,12
seltzer,12
lotu,12
riesl,12
grenadin,12
dung,12
flax,12
stone,12
cool,12
mincemeat,12
sum,12
scrub,12
matzo,12
sazon,12
well,12
wheel,12
cuban,12
perilla,12
jalap,12
demerara,11
segment,11
frangelico,11
four,11
cavatappi,11
pigeon,11
siu,11
himalayan,11
marmit,11
roux,11
bailey,11
citron,11
masoor,11
pot,11
ramp,11
parboil,11
countrystyl,11
cassia,11
zinfandel,11
fresca,11
macadamia,11
monkfish,11
marrow,11
shiro,11
linguini,11
extralean,11
ravva,11
granola,11
fatback,11
dhal,11
render,11
sorghum,11
cuisin,11
bud,11
kaiser,11
octopus,11
channa,11
treacl,11
cola,11
giardiniera,11
mulato,11
cabernet,11
biryani,11
kewra,10
drummett,10
mirliton,10
ro,10
lacinato,10
choi,10
atta,10
chardonnay,10
aioli,10
nilla,10
hanger,10
chianti,10
progresso,10
cavatelli,10
ouzo,10
cassava,10
slab,10
steamer,10
albacor,10
sub,10
cornonthecob,10
forest,10
edibl,10
softwheat,10
bottom,10
flesh,10
peperoncini,10
mortadella,10
chihuahua,10
nutella,10
condiment,10
citru,10
carnita,10
browni,10
kikkoman,10
groundnut,10
focaccia,10
peasant,10
fishcak,10
pak,10
n,9
acke,9
dandelion,9
furikak,9
mochiko,9
pimenton,9
ben,9
empanada,9
frito,9
sand,9
noir,9
cacao,9
muenster,9
havarti,9
rajma,9
raita,9
margarita,9
barilla,9
callaloo,9
flaxse,9
khoa,9
kefalotyri,9
iron,9
crookneck,9
island,9
fudg,9
oscar,9
mayer,9
celtic,9
cockl,9
decor,9
carn,9
maltos,9
shirataki,9
grappa,9
grana,9
daal,9
uncl,9
steelcut,9
chvre,9
cham,9
mccormick,9
pati,9
ahi,9
campari,9
crisco,9
persimmon,8
butteri,8
catalina,8
turkei,8
emmenth,8
accent,8
nacho,8
pectin,8
sorbet,8
prego,8
chambord,8
umeboshi,8
fuji,8
chia,8
cactu,8
dairi,8
peppermint,8
mesclun,8
garnish,8
anglais,8
agar,8
southern,8
broad,8
millet,8
pate,8
tripe,8
stripe,8
anjou,8
crispi,8
heinz,8
pla,8
comfort,8
yakisoba,8
brat,8
mahimahi,8
chapati,8
schmaltz,8
streaki,8
yuzu,8
maldon,8
petit,8
kabocha,8
fiesta,8
venison,8
crisp,8
branzino,8
mazola,8
merlot,8
cornhusk,8
padano,8
gourd,8
minut,8
butterscotch,7
sago,7
other,7
perciatelli,7
deep,7
carcass,7
banger,7
lardon,7
meatloaf,7
bianco,7
press,7
miniatur,7
holi,7
dend,7
catsup,7
hemp,7
baton,7
roe,7
somen,7
imo,7
balsamico,7
grade,7
dessert,7
goya,7
pepperidg,7
burrata,7
hatch,7
gaeta,7
leafi,7
medal,7
polish,7
coco,7
oreo,7
tubetti,7
waffl,7
undrain,7
pierogi,7
chenpi,7
drink,7
tritip,7
vin,7
liquor,7
kochujang,7
merguez,7
shoepeg,7
sicilian,7
dish,7
gizzard,7
classic,7
goji,7
tamal,7
fideo,7
hibiscu,7
daniel,7
luke,7
flanken,7
sumac,7
cheesi,7
santo,7
jambalaya,7
marzipan,7
home,6
neufchtel,6
kalonji,6
sautern,6
ritz,6
fromag,6
piment,6
kewpi,6
guava,6
crostini,6
fungu,6
reduct,6
frank,6
squirt,6
rouill,6
mitsuba,6
mo,6
earl,6
anejo,6
bow,6
manzanilla,6
lyche,6
porterhous,6
calori,6
haa,6
petal,6
greater,6
calamata,6
daisi,6
mam,6
shortbread,6
european,6
grassf,6
peperoncino,6
massaman,6
shimeji,6
despelett,6
ladi,6
au,6
brand,6
capicola,6
pumpernickel,6
filo,6
coke,6
goos,6
hog,6
m,6
rich,6
matur,6
cassi,6
clementin,6
shao,6
cover,6
spearmint,6
acid,6
grey,6
glace,6
panetton,6
posol,6
compot,6
borlotti,6
rais,6
bliss,6
dr,6
blacken,6
limoncello,6
greekstyl,6
doenzang,6
wax,6
soymilk,6
campanel,6
hsing,6
curl,6
twist,6
challa,6
fregola,5
idli,5
rioja,5
miracl,5
mr,5
boar,5
pattypan,5
nopalito,5
tot,5
citric,5
kefir,5
chill,5
shoga,5
gremolata,5
adzuki,5
sugarcan,5
starchi,5
jerusalem,5
frambois,5
hanh,5
sofrito,5
panela,5
perrin,5
bechamel,5
globe,5
spam,5
gourmet,5
assort,5
di,5
edam,5
rasher,5
lea,5
saigon,5
tom,5
pocket,5
calf,5
shanghai,5
cress,5
tater,5
jarlsberg,5
promis,5
porridg,5
canton,5
buttercream,5
dash,5
acai,5
moistur,5
kahlua,5
pilaf,5
dulc,5
pralin,5
emeril,5
sooji,5
ume,5
pappadam,5
collect,5
yum,5
rome,5
oloroso,5
bragg,5
lech,5
turtl,5
chiffonad,5
skate,5
premium,5
marzano,5
ic,5
ju,5
san,5
wish,5
the,5
purpo,5
machin,5
wholem,5
stonefir,5
clot,5
seitan,5
vineyard,5
braeburn,5
mullet,5
soak,5
semi,5
jerki,5
casera,5
bing,4
jujub,4
bagel,4
escargot,4
groat,4
karo,4
poi,4
seca,4
secret,4
jameson,4
bacardi,4
ganach,4
caribbean,4
nest,4
pompeian,4
camembert,4
mari,4
sichuanes,4
crayfish,4
brais,4
chrysanthemum,4
kohlrabi,4
gelato,4
durum,4
curaao,4
homestyl,4
coar,4
hawaiian,4
unseason,4
cultur,4
syd,4
young,4
bengali,4
iodiz,4
rosewat,4
sambuca,4
arhar,4
rustic,4
tikka,4
tri,4
santa,4
smithfield,4
knockwurst,4
wondra,4
abura,4
balm,4
merluza,4
paella,4
shellfish,4
puf,4
sansho,4
cajeta,4
virginia,4
pice,4
vie,4
papad,4
eau,4
gooseberri,4
nero,4
artisan,4
starter,4
pancit,4
bloodi,4
olek,4
sashimi,4
ginseng,4
puy,4
kasseri,4
hatcho,4
alfalfa,4
pozol,4
yucca,4
remoulad,4
eel,4
beni,4
hollandais,4
shortcrust,4
domino,4
texa,4
mezcal,4
tatsoi,4
yellowfin,4
kamaboko,4
redhot,4
cheek,4
parma,4
thinli,4
slider,4
london,4
squab,4
pomelo,4
ribey,4
v,4
quatr,4
mountain,4
protein,4
sheep,4
pickapeppa,4
whiski,4
parmigianareggiano,4
laurel,4
cavolo,4
broil,4
giant,4
cherryston,4
cholula,4
grissini,4
sargento,4
mizkan,4
muscat,4
whey,4
dolc,4
tendon,4
southwest,4
blade,4
breakston,3
swerv,3
pop,3
fuyu,3
a,3
enrich,3
taleggio,3
beverag,3
panang,3
broiler,3
asada,3
helix,3
calabaza,3
mostaccioli,3
torn,3
milkfish,3
thousand,3
sticker,3
poppadom,3
bhindi,3
clamato,3
pepe,3
candlenut,3
melba,3
duxel,3
hero,3
point,3
sangria,3
paddl,3
carnat,3
diet,3
fullfat,3
pisco,3
balanc,3
fatfr,3
hoja,3
floweret,3
banh,3
eaudevi,3
carpaccio,3
claw,3
besan,3
mouss,3
yuca,3
jimmi,3
fino,3
curlyleaf,3
grigio,3
pandan,3
miner,3
oysterflavor,3
kasha,3
chocho,3
deepfri,3
alaskan,3
kirschenliqueur,3
knudsen,3
alcohol,3
cannelloni,3
cipollini,3
mizuna,3
eggland,3
maitak,3
wildflow,3
sunda,3
cannoli,3
tree,3
pad,3
acini,3
bihon,3
tap,3
spiral,3
amber,3
yu,3
chocolatehazelnut,3
burdock,3
medallion,3
redfish,3
cuttlefish,3
her,3
yoplait,3
ajinomoto,3
pistou,3
indian,3
ibarra,3
farofa,3
potstick,3
kiwifruit,3
verju,3
turbot,3
aka,3
kinchay,3
digest,3
mcintosh,3
kangkong,3
linguica,3
tokyo,3
oleo,3
chickenappl,3
paddi,3
biscotti,3
maui,3
nib,3
flageolet,3
day,3
con,3
gem,3
made,3
natto,3
anisett,3
drambui,3
mex,3
russian,3
kerrygold,3
pt,3
leftov,3
rainbow,3
tex,3
cuminse,3
crispcook,3
luncheon,3
unagi,3
boudin,3
compress,3
guy,3
scrod,3
bolillo,3
tropic,3
hous,3
pale,3
halloumi,3
eggrol,3
mie,3
gray,3
strozzapreti,3
katsuo,3
ampalaya,3
farina,3
du,3
capocollo,3
cantal,3
pheasant,3
caul,3
tempura,3
tube,3
konnyaku,3
butterfli,3
negro,3
canning,3
mesquit,3
plu,3
negi,3
corkscrew,3
good,3
clover,3
vay,3
devil,3
granular,3
valencia,2
scallopini,2
texmex,2
tricolor,2
marcona,2
one,2
kalamansi,2
caciocavallo,2
drage,2
jiffi,2
pao,2
tagliarini,2
yakinori,2
guinea,2
pompano,2
anasazi,2
vitamin,2
sockey,2
kim,2
doubanjiang,2
kasu,2
bologna,2
centercut,2
smooth,2
softshel,2
nonpareil,2
mixtur,2
to,2
wesson,2
breyer,2
earth,2
shungiku,2
chuno,2
wolf,2
hing,2
fructos,2
ox,2
unsulphur,2
wheatberri,2
moroccan,2
sturgeon,2
precook,2
roughi,2
myzithra,2
pastina,2
tvp,2
la,2
d,2
cholesterol,2
raclett,2
mi,2
sack,2
tsuyu,2
serv,2
kokum,2
paratha,2
manischewitz,2
ceylon,2
famili,2
lavash,2
thicken,2
krispi,2
disco,2
efu,2
textur,2
sweetbread,2
pasti,2
zaatar,2
veri,2
pummelo,2
knox,2
piripiri,2
perch,2
tarama,2
strain,2
elmlea,2
tbone,2
tobiko,2
sevil,2
sucralos,2
coarsegrain,2
beurr,2
gobo,2
reblochon,2
bushi,2
glucos,2
mexico,2
moss,2
unsmok,2
cloud,2
couli,2
blackstrap,2
proscuitto,2
beaujolai,2
teardrop,2
piquillo,2
papalo,2
carambola,2
huitlacoch,2
jif,2
brazil,2
lb,2
ms,2
hong,2
shark,2
dean,2
italianstyl,2
undilut,2
cajuncreol,2
barolo,2
duckl,2
nugget,2
kirschwass,2
szechuan,2
mentsuyu,2
eat,2
treviso,2
keema,2
fern,2
hoop,2
diamond,2
aspic,2
muesli,2
fisher,2
drum,2
zatarain,2
abalon,2
frog,2
vital,2
pho,2
lapsang,2
pollen,2
needl,2
carp,2
hamachi,2
mozarella,2
rooster,2
alum,2
pignoli,2
kitchen,2
jamaica,2
flan,2
razor,2
prime,2
fastris,2
quorn,2
nestl,2
pollock,2
oigatsuo,2
cummin,2
yuzukosho,2
roti,2
korma,2
cabral,2
bee,2
rockfish,2
truva,2
castellan,2
pete,2
inch,2
ficel,2
cuervo,2
frangipan,2
microgreen,2
master,2
knoblauch,2
paccheri,2
beau,2
mostarda,2
wagon,2
royal,2
ani,2
lake,2
heeng,2
robusto,2
swede,2
knuckl,2
kipper,2
rennet,2
cara,2
jose,2
refin,2
tartlet,2
pepperocini,2
cava,2
kefalotiri,2
culantro,2
mond,2
highgluten,2
touch,2
multigrain,2
mochi,2
montreal,2
seamless,2
karashi,2
delallo,2
cascabel,2
conimex,2
kashmiri,2
marron,2
land,2
tuaca,2
muscadin,2
chilean,2
telem,2
poir,2
licoric,2
bhaji,2
sherbet,2
sucanat,2
kabuli,2
rosa,2
tostito,2
sun,2
katakuriko,2
salsifi,2
erythritol,2
viand,2
cole,2
william,2
amaranth,2
creamer,2
alphabet,2
kung,2
nappa,2
komatsuna,2
chuka,2
nocalori,2
aonori,2
kongstyl,2
fast,2
chitterl,2
poussin,2
pretzel,2
levain,2
sunchok,2
godiva,2
soursop,2
yellowtail,2
wingett,2
pippin,2
breadfruit,2
shape,2
nondairi,2
pam,2
capon,2
obrien,2
pilsner,2
ginkgo,2
bresaola,2
galanga,2
conch,2
o,2
triscuit,2
trotter,2
comino,2
shortcak,2
dukkah,2
calcium,2
chicori,2
trumpet,2
robiola,2
boysenberri,2
savoiardi,2
menth,2
borag,2
terrin,2
morton,2
zero,2
bison,2
jagermeist,1
cornstarch,1
boy,1
absinth,1
martha,1
success,1
stolichnaya,1
pangasiu,1
nielsenmassey,1
cox,1
maraschino,1
brise,1
snip,1
graviera,1
madelein,1
bream,1
tuong,1
romanesco,1
honeycomb,1
crawford,1
do,1
masur,1
grind,1
mantou,1
hickoryflavor,1
betti,1
fluff,1
torpedo,1
sobrasada,1
soi,1
bear,1
section,1
klondik,1
mellow,1
nama,1
chik,1
topsid,1
parev,1
melissa,1
cone,1
fattrim,1
mooli,1
cheong,1
hachiya,1
glac,1
cucuzza,1
ratatouil,1
panch,1
gnocchetti,1
dulong,1
marbl,1
bordelais,1
kha,1
spot,1
verjuic,1
knoflook,1
breader,1
tomat,1
lowmoistur,1
shiraz,1
poundcak,1
muscadet,1
fedelini,1
spini,1
victoria,1
eggnog,1
straight,1
wolfberri,1
suckl,1
longan,1
quahog,1
azuki,1
stand,1
pekin,1
lingcod,1
benn,1
germain,1
hijiki,1
gravlax,1
ngo,1
darjeel,1
better,1
madagascar,1
val,1
kampyo,1
dew,1
pansi,1
frankfurt,1
preshr,1
haba,1
freezedri,1
taiwanes,1
tradicion,1
wok,1
spreadabl,1
peko,1
belacan,1
crabappl,1
superior,1
coldsmok,1
road,1
colman,1
calabash,1
asakusa,1
sardi,1
nonhydrogen,1
gel,1
opo,1
blacan,1
dhaniya,1
dinosaur,1
gebhardt,1
high,1
bai,1
tuscan,1
brittl,1
fettuccini,1
galliano,1
picnic,1
orgeat,1
unhul,1
magret,1
hake,1
lox,1
tonic,1
vegetablefil,1
jonshonvil,1
awas,1
chourico,1
tangzhong,1
shin,1
soybas,1
arctic,1
tortelloni,1
bock,1
winesap,1
nostick,1
azteca,1
special,1
meatfil,1
fruitcak,1
cavend,1
challeng,1
portugues,1
georg,1
ploy,1
arrow,1
osetra,1
beech,1
gravenstein,1
seven,1
heath,1
fowl,1
doubledark,1
kamut,1
escalop,1
pat,1
vadouvan,1
riblet,1
chacher,1
chimichurri,1
oli,1
bayonn,1
mixer,1
neapolitan,1
halfandhalf,1
tubettini,1
dole,1
cross,1
muscavado,1
lambic,1
menta,1
hop,1
foccacia,1
garland,1
hurst,1
pour,1
energi,1
tipo,1
layer,1
estancia,1
buttercup,1
poppyse,1
nashi,1
dangmyun,1
ascorb,1
maker,1
chioggia,1
morcilla,1
gomashio,1
panetini,1
hyssop,1
than,1
lecithin,1
guanabana,1
semisoft,1
kochu,1
nian,1
chua,1
lap,1
lesser,1
ketjap,1
boursin,1
spumant,1
piccolini,1
fiber,1
sablefish,1
evan,1
dickel,1
budweis,1
bark,1
ammonium,1
velvet,1
bndictin,1
shiromiso,1
jar,1
hickori,1
colada,1
arepa,1
elderflow,1
cai,1
hubbard,1
raki,1
beetroot,1
patti,1
chocolatecov,1
tupelo,1
verbena,1
storebought,1
conger,1
usukuchi,1
mezzetta,1
ounc,1
romana,1
masago,1
chong,1
america,1
reposado,1
casa,1
milkfat,1
angl,1
sato,1
tast,1
saltpet,1
branca,1
demi,1
blackcurr,1
dasheen,1
ricard,1
xuxu,1
blackpepp,1
padron,1
legum,1
vera,1
laksa,1
sport,1
haloumi,1
licor,1
bob,1
everglad,1
nido,1
shishito,1
maca,1
macaron,1
pike,1
mark,1
ornament,1
alexia,1
sheepshead,1
hillshir,1
lillet,1
bratwurst,1
tallow,1
vindaloo,1
moulard,1
bermuda,1
rape,1
speck,1
amarena,1
st,1
boqueron,1
submarin,1
arak,1
camellia,1
tyson,1
parslei,1
violet,1
orient,1
cup,1
highfructos,1
chowchow,1
gember,1
niblet,1
miswa,1
wiener,1
centuri,1
hoi,1
mahlab,1
jowl,1
pte,1
granita,1
kappa,1
gao,1
toni,1
rusk,1
mojo,1
linguisa,1
passov,1
chicharron,1
fiddlehead,1
neem,1
peapod,1
cappuccino,1
daiya,1
psyllium,1
btard,1
lambrusco,1
samphir,1
slim,1
true,1
genois,1
cotto,1
membrillo,1
pinhead,1
mentaiko,1
falafel,1
peppadew,1
fashion,1
souchong,1
biga,1
herbsaint,1
filipino,1
barberri,1
chilcostl,1
poolish,1
delicata,1
sucrolos,1
assam,1
crunch,1
stellett,1
calabres,1
muscovi,1
toulous,1
nakano,1
culinari,1
cortland,1
castelvetrano,1
burro,1
crocker,1
mian,1
prik,1
caulifloweret,1
genmai,1
honeyflavor,1
kingfish,1
mae,1
ranchstyl,1
varieti,1
cordial,1
orchid,1
angu,1
conchigli,1
pain,1
fume,1
colorado,1
dragon,1
porter,1
chateaubriand,1
woksau,1
chapatti,1
big,1
chang,1
scape,1
crumpet,1
manouri,1
sloe,1
harvest,1
hakusai,1
hierba,1
wholesom,1
garbonzo,1
nettl,1
jambon,1
foster,1
bigoli,1
ocean,1
beluga,1
chopmeat,1
robert,1
chiltepn,1
lop,1
liquoric,1
hip,1
readi,1
mondavi,1
proactiv,1
aquavit,1
nigari,1
tangelo,1
pane,1
colaflavor,1
ortega,1
wasab,1
matsutak,1
moos,1
sangioves,1
redcurr,1
snap,1
cardoon,1
vegeta,1
uni,1
almondmilk,1
tuttorosso,1
bellpepp,1
harusam,1
frisel,1
primavera,1
jamon,1
caponata,1
moonshin,1
goma,1
chartreus,1
accompani,1
saba,1
brill,1
piquin,1
chai,1
amba,1
huckleberri,1
comic,1
longaniza,1
kroger,1
basa,1
farmhous,1
wensleydal,1
branston,1
aram,1
riso,1
hogu,1
oguraan,1
atlant,1
baobab,1
sesameging,1
abbamel,1
amontillado,1
liverwurst,1
crosswis,1
kiss,1
block,1
artifici,1
pullman,1
fondant,1
alo,1
loofah,1
tapatio,1
imperi,1
maifun,1
langoustin,1
granari,1
readymad,1
mora,1
fil,1
smart,1
saki,1
butterflavor,1
ceci,1
honeysuckl,1
margherita,1
asti,1
holland,1
petral,1
india,1
third,1
phoran,1
argo,1
burrito,1
ti,1
farfallin,1
pina,1
cumberland,1
qua,1
arrabbiata,1
scone,1
german,1
dijonnais,1
ikura,1
skippi,1
beater,1
teff,1
creation,1
amberjack,1
barramundi,1
